{"cameraMode":{"drawMode":0,"name":"Shaded","section":"Shading Mode"},"sceneLighting":false,"audioPlay":false,"sceneViewState":{"showFog":true,"showMaterialUpdate":false,"showSkybox":false,"showFlares":true,"showImageEffects":true,"showParticleSystems":true},"in2DMode":false,"pivot":{"x":-13.591796875,"y":-0.37744140625,"z":89.56727600097656},"rotation":{"x":-0.11881192773580551,"y":0.7009013891220093,"z":-0.12018030136823654,"w":-0.6929582953453064},"size":9.233116149902344,"orthographic":true}