{"cameraMode":{"drawMode":0,"name":"Shaded","section":"Shading Mode"},"sceneLighting":false,"audioPlay":false,"sceneViewState":{"showFog":true,"showMaterialUpdate":false,"showSkybox":false,"showFlares":true,"showImageEffects":true,"showParticleSystems":true},"in2DMode":false,"pivot":{"x":-2.427978515625,"y":3.56927490234375,"z":1.2353515625},"rotation":{"x":0.05314062908291817,"y":0.8611684441566467,"z":-0.09206267446279526,"w":0.49708250164985659},"size":4.0232672691345219,"orthographic":true}